file,path,pred_material,material_conf,image_score,top5_attributes,top5_scores,Description,Uncertainty
leather_01.jpg,student_files/passport_photos/leather_01.jpg,wood,0.4241,8.5758,marbled;blotchy;stained;pitted;fibrous,0.261;0.240;0.172;0.122;0.104,"A leather surface with marbled, blotchy and stained tones over a pitted, fibrous grain.",Uneven lighting results in a beige to brown colour shift that resembles wood
leather_02.jpg,student_files/passport_photos/leather_02.jpg,leather,0.9876,8.3565,marbled;blotchy;pitted;stained;braided,0.450;0.233;0.226;0.130;0.072,"A dark leather surface with a marbled, blotchy and pitted grain and some stained areas, with braided-looking folds.",Input image resembles the texture of leather used in training
leather_03.jpg,student_files/passport_photos/leather_03.jpg,wood,0.8181,7.4489,marbled;blotchy;porous;pitted;stained,0.255;0.237;0.112;0.108;0.097,"A leather surface with marbled and blotchy tones, a porous, pitted grain and some stained areas.",Uneven lighting results in a beige to brown colour shift that resembles wood
leather_04.jpg,student_files/passport_photos/leather_04.jpg,leather,0.5635,26.4619,marbled;blotchy;stained;pitted;fibrous,0.373;0.203;0.172;0.126;0.115,"A leather surface with marbled, blotchy and stained patches over a pitted, fibrous grain.",Input image resembles the texture of leather used in training
leather_05.jpg,student_files/passport_photos/leather_05.jpg,wood,0.577,6.9319,marbled;blotchy;stained;pitted;porous,0.232;0.218;0.126;0.101;0.090,"A leather surface with marbled, blotchy and stained tones over a pitted, porous grain.",Uneven lighting results in a beige to brown colour shift that resembles wood
leather_06.jpg,student_files/passport_photos/leather_06.jpg,leather,0.7953,4.8844,marbled;blotchy;pitted;porous;woven,0.411;0.199;0.154;0.143;0.108,"A dark leather surface with a marbled, blotchy, pitted and porous grain and faint woven-looking creases.",Input image resembles the texture of leather used in training
wood_01.jpg,student_files/passport_photos/wood_01.jpg,tile,0.9451,4.5935,stained;braided;striped;porous;blotchy,0.939;0.403;0.205;0.126;0.109,"A wood surface with a strongly stained, braided and striped look, plus porous and blotchy areas.","Image is strongly illuminated on one side; the other side has shadows. Shinking image makes it blurry, erasing the wood grain"
wood_02.jpg,student_files/passport_photos/wood_02.jpg,wood,0.7817,4.4601,marbled;porous;blotchy;pitted;woven,0.242;0.225;0.173;0.125;0.086,"A wood surface with marbled, porous and blotchy tones and a pitted grain with some woven-looking texture.",Wood patterns are finer than training images
wood_03.jpg,student_files/passport_photos/wood_03.jpg,wood,0.8482,4.2199,marbled;blotchy;porous;pitted;stained,0.313;0.210;0.176;0.094;0.082,"A wood surface with marbled and blotchy tones, a porous, pitted grain and some stained areas.",Wood patterns are finer than training images. Defect in the middle of the image.
wood_04.jpg,student_files/passport_photos/wood_04.jpg,wood,0.9548,7.9411,marbled;stained;porous;blotchy;pitted,0.321;0.305;0.186;0.145;0.072,"A wood surface with marbled and stained tones, a porous grain and blotchy, pitted detail.",Wood patterns are finer than training images
wood_05.jpg,student_files/passport_photos/wood_05.jpg,wood,0.9552,3.9819,marbled;blotchy;porous;pitted;woven,0.223;0.217;0.128;0.083;0.082,"A wood surface with marbled and blotchy tones, a porous, pitted grain and some woven-looking texture.",Wood patterns are finer than training images
wood_06.jpg,student_files/passport_photos/wood_06.jpg,tile,0.3513,1.9606,stained;braided;blotchy;banded;fibrous,0.775;0.255;0.238;0.190;0.109,"A wood surface that looks stained, braided, blotchy and banded, with a fibrous grain.",Vertical wooden grain still present but part of image is strongly illuminated while part of it has more shadows. This is not found in the training samples for wood
wood_07.jpg,student_files/passport_photos/wood_07.jpg,carpet,0.7252,2.9123,marbled;woven;pitted;blotchy;porous,0.489;0.305;0.224;0.198;0.173,"A dark wood surface with marbled, woven-looking and pitted texture and blotchy, porous areas.",Wooden grains are hard to detect due to the image's low visibility
wood_08.jpg,student_files/passport_photos/wood_08.jpg,carpet,0.7211,2.9922,marbled;porous;pitted;blotchy;woven,0.516;0.279;0.199;0.149;0.081,"A dark wood surface with a marbled, porous and pitted texture and blotchy, woven-looking areas.",Wooden grains are hard to detect due to the image's low visibility
wood_09.jpg,student_files/passport_photos/wood_09.jpg,wood,0.9872,4.697,blotchy;marbled;porous;stained;banded,0.192;0.177;0.158;0.122;0.087,"A wood surface with blotchy, marbled and porous tones, stained patches and banded grain.",Wood patterns resemble the wooden grains found in the training images
