file,path,human_material,pred_material,material_conf,image_score,mask_pixels,mask_fraction,top5_attributes,top5_scores,annotator_1_terms,annotator_2_terms,attributes_label,viewpoint,scale,illumination,error,p_material_carpet,p_material_grid,p_material_leather,p_material_tile,p_material_wood,p_attr_banded,p_attr_blotchy,p_attr_braided,p_attr_bumpy,p_attr_cracked,p_attr_fibrous,p_attr_grid,p_attr_marbled,p_attr_pitted,p_attr_porous,p_attr_stained,p_attr_striped,p_attr_woven
carpet_01.jpg,student_files/passport_photos/carpet_01.jpg,carpet,tile,0.3375,1.4688,0,0.0,blotchy;marbled;cracked;fibrous;pitted,0.195;0.184;0.165;0.145;0.142,knitted;matted;fibrous;bumpy,woven;wrinkled;interlaced;matted,fibrous;bumpy,frontal,close,diffuse,,0.1878,0.1123,0.3044,0.3375,0.0579,0.0032,0.1947,0.034,0.0949,0.1652,0.1454,0.0818,0.1845,0.1422,0.0849,0.0451,0.0034,0.0477
carpet_02.jpg,student_files/passport_photos/carpet_02.jpg,carpet,wood,0.5794,13.7479,1088,0.2656,marbled;porous;blotchy;stained;pitted,0.382;0.279;0.245;0.191;0.191,fibrous;matted;smeared;woven,gauzy;fibrous;knitted,fibrous,frontal,medium,diffuse,,0.2513,0.0418,0.0968,0.0306,0.5794,0.0096,0.2451,0.0518,0.0313,0.0909,0.042,0.031,0.3816,0.1909,0.2786,0.1913,0.0087,0.0077
carpet_03.jpg,student_files/passport_photos/carpet_03.jpg,carpet,wood,0.7251,10.946,967,0.2361,marbled;blotchy;stained;fibrous;pitted,0.280;0.186;0.181;0.109;0.104,bumpy;pitted;porous;sprinkled,flecked;freckled;bumpy;crystalline,bumpy;porous,frontal,medium,diffuse,,0.0902,0.0488,0.0509,0.0851,0.7251,0.0126,0.1857,0.0366,0.0278,0.0915,0.1094,0.0599,0.2799,0.1041,0.0842,0.1815,0.0111,0.0294
carpet_04.jpg,student_files/passport_photos/carpet_04.jpg,carpet,tile,0.8573,1.7046,0,0.0,grid;blotchy;marbled;pitted;cracked,0.284;0.206;0.192;0.167;0.165,knitted;matted;fibrous;frilly,woven;interlaced;wrinkled;bumpy,fibrous;bumpy,frontal,close,diffuse,,0.0089,0.0634,0.0404,0.8573,0.0299,0.0004,0.206,0.0566,0.0776,0.1648,0.1487,0.2845,0.192,0.1666,0.1203,0.0351,0.0009,0.0395
carpet_05.jpg,student_files/passport_photos/carpet_05.jpg,carpet,carpet,0.9445,2.727,0,0.0,blotchy;woven;marbled;fibrous;cracked,0.181;0.160;0.151;0.104;0.094,frilly;fibrous;matted;bumpy,bubbly;swirly;matted;wrinkled,fibrous;bumpy,frontal,close,diffuse,,0.9445,0.0048,0.0014,0.0056,0.0437,0.0148,0.1811,0.031,0.0255,0.0943,0.1044,0.0939,0.1505,0.0882,0.0809,0.0124,0.0125,0.1602
carpet_06.jpg,student_files/passport_photos/carpet_06.jpg,carpet,tile,0.7411,2.4164,0,0.0,stained;marbled;braided;porous;banded,0.644;0.149;0.127;0.121;0.121,porous;pitted;bumpy;sprinkled,flecked;freckled;crystalline,bumpy;porous,frontal,medium,shadow,,0.0002,0.0093,0.0117,0.7411,0.2377,0.1211,0.0994,0.1271,0.0187,0.0152,0.0217,0.0052,0.1487,0.099,0.1212,0.6436,0.0354,0.0072
carpet_07.jpg,student_files/passport_photos/carpet_07.jpg,carpet,leather,0.7659,123.2598,2916,0.7119,marbled;blotchy;pitted;stained;porous,0.268;0.165;0.146;0.144;0.091,stained;smeared;blotchy;matted,smeared;gauzy;lined;stained,fibrous;stained,frontal,medium,diffuse,,0.0356,0.0138,0.7659,0.1126,0.0721,0.0333,0.1653,0.0392,0.0777,0.0542,0.0475,0.0317,0.2676,0.1455,0.0908,0.1443,0.0019,0.0121
carpet_08.jpg,student_files/passport_photos/carpet_08.jpg,carpet,carpet,0.6529,3.0312,0,0.0,blotchy;marbled;pitted;cracked;fibrous,0.200;0.154;0.148;0.126;0.120,frilly;fibrous;matted;bumpy;swirly,matted;wrinkled;crosshatched;fibrous,fibrous;bumpy,frontal,close,diffuse,,0.6529,0.0443,0.058,0.1119,0.1329,0.0063,0.2003,0.0291,0.0535,0.1265,0.1204,0.0608,0.1542,0.1481,0.1098,0.0463,0.0116,0.0866
leather_01.jpg,student_files/passport_photos/leather_01.jpg,leather,wood,0.4241,8.5758,959,0.2341,marbled;blotchy;stained;pitted;fibrous,0.261;0.240;0.172;0.122;0.104,bumpy;pitted;studded;porous,scaly;bubbly;potholed;bumpy,bumpy;pitted,frontal,close,diffuse,,0.132,0.0154,0.4049,0.0236,0.4241,0.0421,0.2399,0.0365,0.0674,0.059,0.1041,0.0179,0.2607,0.1218,0.0869,0.1719,0.0091,0.0418
leather_02.jpg,student_files/passport_photos/leather_02.jpg,leather,leather,0.9876,8.3565,681,0.1663,marbled;blotchy;pitted;stained;braided,0.450;0.233;0.226;0.130;0.072,bumpy;pitted;scaly;studded,porous;bubbly;potholed,bumpy;pitted,frontal,close,low-light,,0.0105,0.0001,0.9876,0.0,0.0017,0.0108,0.2335,0.0723,0.0555,0.0309,0.0554,0.0238,0.4498,0.2259,0.0642,0.1297,0.0006,0.0309
leather_03.jpg,student_files/passport_photos/leather_03.jpg,leather,wood,0.8181,7.4489,1623,0.3962,marbled;blotchy;porous;pitted;stained,0.255;0.237;0.112;0.108;0.097,bumpy;pitted;porous;scaly,studded;bubbly;freckled;potholed,bumpy;pitted,frontal,close,diffuse,,0.1321,0.0179,0.0176,0.0142,0.8181,0.0232,0.2371,0.0354,0.0279,0.0527,0.0691,0.0796,0.2549,0.1079,0.1123,0.0975,0.0043,0.0292
leather_04.jpg,student_files/passport_photos/leather_04.jpg,leather,leather,0.5635,26.4619,2916,0.7119,marbled;blotchy;stained;pitted;fibrous,0.373;0.203;0.172;0.126;0.115,bumpy;pitted;studded;dotted,scaly;bubbly;porous;potholed,bumpy;pitted,frontal,close,diffuse,,0.2397,0.0222,0.5635,0.0231,0.1514,0.0195,0.203,0.0269,0.0566,0.0854,0.1154,0.0319,0.373,0.1257,0.0843,0.1715,0.0093,0.0296
leather_05.jpg,student_files/passport_photos/leather_05.jpg,leather,wood,0.577,6.9319,1133,0.2766,marbled;blotchy;stained;pitted;porous,0.232;0.218;0.126;0.101;0.090,bumpy;pitted;scaly;studded,bubbly;porous;potholed;swirly,bumpy;pitted,frontal,close,diffuse,,0.1343,0.0113,0.2663,0.0111,0.577,0.0539,0.2178,0.038,0.0472,0.0426,0.079,0.0319,0.2325,0.1006,0.0896,0.1258,0.0076,0.0566
leather_06.jpg,student_files/passport_photos/leather_06.jpg,leather,leather,0.7953,4.8844,205,0.05,marbled;blotchy;pitted;porous;woven,0.411;0.199;0.154;0.143;0.108,wrinkled;bumpy;lined;veined,grooved;scaly;wrinkled;stratified,bumpy;striped,frontal,close,low-light,,0.1934,0.0003,0.7953,0.0002,0.0109,0.004,0.1994,0.0586,0.0312,0.0386,0.0564,0.0084,0.4109,0.1541,0.1427,0.0665,0.0099,0.1077
tile_01.jpg,student_files/passport_photos/tile_01.jpg,tile,carpet,0.9916,1.4723,0,0.0,marbled;blotchy;porous;pitted;woven,0.329;0.266;0.164;0.160;0.138,flecked;freckled;grooved;crystalline,sprinkled;porous;lined;dotted,porous;pitted,oblique,medium,diffuse,,0.9916,0.0014,0.003,0.0005,0.0036,0.002,0.2659,0.0245,0.0355,0.1215,0.1153,0.083,0.3292,0.16,0.1642,0.0074,0.0022,0.1381
tile_02.jpg,student_files/passport_photos/tile_02.jpg,tile,leather,0.4955,35.7141,2589,0.6321,marbled;pitted;blotchy;porous;woven,0.400;0.279;0.272;0.152;0.081,grid;chequered;blotchy;flecked,grid;lined;blotchy;sprinkled,grid;blotchy,oblique,far,low-light,,0.4955,0.0016,0.4955,0.0006,0.0068,0.0026,0.2718,0.0378,0.0466,0.0742,0.0631,0.0359,0.4003,0.279,0.1521,0.0406,0.0018,0.0811
tile_03.jpg,student_files/passport_photos/tile_03.jpg,tile,tile,0.6993,3.3254,17,0.0042,blotchy;stained;marbled;bumpy;banded,0.388;0.329;0.299;0.149;0.109,grid;chequered;blotchy;flecked,banded;stratified;freckled;lined,grid;blotchy,oblique,far,diffuse,,0.0,0.0008,0.0004,0.6993,0.2996,0.1093,0.3879,0.0429,0.1492,0.0157,0.0692,0.0078,0.2994,0.0292,0.0539,0.3292,0.0242,0.0011
tile_04.jpg,student_files/passport_photos/tile_04.jpg,tile,tile,0.9884,3.4587,39,0.0095,stained;banded;blotchy;porous;marbled,0.403;0.322;0.211;0.129;0.120,grid;banded;striped;chequered,stratified;lined;blotchy;flecked,grid;banded,oblique,far,diffuse,,0.0,0.0,0.0,0.9884,0.0116,0.3224,0.2106,0.0569,0.0818,0.0276,0.0701,0.0088,0.1199,0.0346,0.1286,0.4032,0.0867,0.0048
tile_05.jpg,student_files/passport_photos/tile_05.jpg,tile,tile,0.6489,1.8676,0,0.0,grid;cracked;blotchy;pitted;porous,0.196;0.192;0.186;0.157;0.144,stained;blotchy;flecked;grooved,smeared;freckled;lined;crystalline,stained;pitted,frontal,medium,diffuse,,0.1578,0.12,0.0246,0.6489,0.0487,0.0009,0.186,0.0435,0.059,0.1918,0.1091,0.196,0.1264,0.1567,0.1438,0.0247,0.0033,0.0993
tile_06.jpg,student_files/passport_photos/tile_06.jpg,tile,wood,0.7586,41.8948,2620,0.6396,blotchy;marbled;porous;pitted;stained,0.222;0.156;0.122;0.097;0.092,stained;blotchy;smeared;flecked,smeared;grooved;freckled;sprinkled,stained;blotchy,frontal,close,diffuse,,0.0247,0.0282,0.0392,0.1493,0.7586,0.0295,0.2215,0.0547,0.0445,0.0438,0.045,0.062,0.1564,0.0974,0.1215,0.0924,0.003,0.0338
tile_07.jpg,student_files/passport_photos/tile_07.jpg,tile,wood,0.659,11.5666,2159,0.5271,marbled;blotchy;porous;pitted;cracked,0.266;0.239;0.148;0.128;0.087,flecked;freckled;lined;grooved,sprinkled;dotted;porous;crystalline,porous;grid,frontal,medium,diffuse,,0.2462,0.0326,0.0219,0.0403,0.659,0.0074,0.2387,0.0376,0.0273,0.0871,0.0847,0.0859,0.2662,0.1279,0.1483,0.051,0.0048,0.0351
tile_08.jpg,student_files/passport_photos/tile_08.jpg,tile,carpet,0.3965,14.4152,367,0.0896,blotchy;marbled;grid;pitted;porous,0.217;0.186;0.116;0.107;0.107,stained;blotchy;flecked;grooved,smeared;freckled;lined;potholed,stained;pitted,frontal,close,diffuse,,0.3965,0.0715,0.0717,0.3198,0.1405,0.0036,0.2169,0.0244,0.0734,0.1017,0.0932,0.1164,0.1855,0.1066,0.1066,0.0191,0.0029,0.0645
wood_01.jpg,student_files/passport_photos/wood_01.jpg,wood,tile,0.9451,4.5935,107,0.0261,stained;braided;striped;porous;blotchy,0.939;0.403;0.205;0.126;0.109,lined;striped;grooved;stratified,veined;fibrous;smeared;banded,striped;fibrous,frontal,close,specular;shadow,,0.0,0.0003,0.0001,0.9451,0.0544,0.0935,0.1091,0.4026,0.0869,0.0358,0.0773,0.0023,0.0954,0.037,0.1263,0.9386,0.2048,0.0017
wood_02.jpg,student_files/passport_photos/wood_02.jpg,wood,wood,0.7817,4.4601,164,0.04,marbled;porous;blotchy;pitted;woven,0.242;0.225;0.173;0.125;0.086,lined;striped;fibrous;grooved,stratified;veined;banded,striped,frontal,close,diffuse,,0.2046,0.006,0.0052,0.0025,0.7817,0.0202,0.173,0.0526,0.0127,0.0377,0.0651,0.0299,0.2416,0.1255,0.2252,0.0537,0.0063,0.0859
wood_03.jpg,student_files/passport_photos/wood_03.jpg,wood,wood,0.8482,4.2199,107,0.0261,marbled;blotchy;porous;pitted;stained,0.313;0.210;0.176;0.094;0.082,lined;striped;smeared;stratified,veined;blotchy;fibrous;banded,striped;blotchy,frontal,close,diffuse,,0.1263,0.0026,0.0202,0.0027,0.8482,0.0312,0.2096,0.0434,0.0227,0.0275,0.0479,0.0155,0.3133,0.0936,0.1758,0.0821,0.0117,0.0262
wood_04.jpg,student_files/passport_photos/wood_04.jpg,wood,wood,0.9548,7.9411,261,0.0637,marbled;stained;porous;blotchy;pitted,0.321;0.305;0.186;0.145;0.072,lined;striped;grooved;stratified,veined;fibrous;banded;smeared,striped;fibrous,frontal,close,specular,,0.0247,0.0041,0.0123,0.0042,0.9548,0.0581,0.1448,0.0514,0.0164,0.0235,0.0591,0.0115,0.3205,0.0723,0.186,0.3045,0.0312,0.0234
wood_05.jpg,student_files/passport_photos/wood_05.jpg,wood,wood,0.9552,3.9819,161,0.0393,marbled;blotchy;porous;pitted;woven,0.223;0.217;0.128;0.083;0.082,lined;striped;banded;stratified,veined;fibrous;blotchy,striped;banded,frontal,close,diffuse,,0.0365,0.0017,0.0046,0.002,0.9552,0.0485,0.2165,0.0426,0.0146,0.0227,0.0473,0.0371,0.2227,0.083,0.1284,0.0658,0.0069,0.0817
wood_06.jpg,student_files/passport_photos/wood_06.jpg,wood,tile,0.3513,1.9606,0,0.0,stained;braided;blotchy;banded;fibrous,0.775;0.255;0.238;0.190;0.109,lined;striped;banded;stratified,veined;grooved;fibrous;smeared,striped;banded,frontal,close,specular;shadow,,0.0026,0.0669,0.2887,0.3513,0.2904,0.1899,0.2379,0.2548,0.0774,0.0221,0.1087,0.0105,0.0953,0.1043,0.0543,0.7752,0.0042,0.0262
wood_07.jpg,student_files/passport_photos/wood_07.jpg,wood,carpet,0.7252,2.9123,0,0.0,marbled;woven;pitted;blotchy;porous,0.489;0.305;0.224;0.198;0.173,lined;striped;stratified;grooved,fibrous;veined;banded,striped;fibrous,frontal,close,low-light,,0.7252,0.0001,0.2721,0.0,0.0026,0.0024,0.1978,0.0357,0.0182,0.0411,0.0597,0.0102,0.4887,0.2244,0.1733,0.0211,0.005,0.3046
wood_08.jpg,student_files/passport_photos/wood_08.jpg,wood,carpet,0.7211,2.9922,0,0.0,marbled;porous;pitted;blotchy;woven,0.516;0.279;0.199;0.149;0.081,lined;striped;stratified;grooved,veined;fibrous;banded;smeared,striped,frontal,close,low-light,,0.7211,0.0001,0.2721,0.0,0.0067,0.0042,0.149,0.0466,0.0179,0.0265,0.0395,0.0033,0.5155,0.1989,0.2785,0.0325,0.0112,0.0815
wood_09.jpg,student_files/passport_photos/wood_09.jpg,wood,wood,0.9872,4.697,370,0.0903,blotchy;marbled;porous;stained;banded,0.192;0.177;0.158;0.122;0.087,lined;striped;veined;fibrous,stratified;banded;grooved;blotchy,striped;fibrous,frontal,close,diffuse,,0.0073,0.0026,0.0005,0.0024,0.9872,0.0866,0.1919,0.0655,0.0157,0.0232,0.042,0.0407,0.1774,0.0801,0.1583,0.1225,0.0077,0.0246
