path,split,material,defect_type,mask_path,attributes,annotator_1_terms,annotator_2_terms,annotation_completed_before_inference,viewpoint,scale,illumination,exif_removed
student_files/passport_photos/carpet_01.jpg,nancy,carpet,wear,,fibrous;bumpy,knitted;matted;fibrous;bumpy,woven;wrinkled;interlaced;matted,yes,frontal,close,diffuse,yes
student_files/passport_photos/carpet_02.jpg,nancy,carpet,none,,fibrous,fibrous;matted;smeared;woven,gauzy;fibrous;knitted,yes,frontal,medium,diffuse,yes
student_files/passport_photos/carpet_03.jpg,nancy,carpet,none,,bumpy;porous,bumpy;pitted;porous;sprinkled,flecked;freckled;bumpy;crystalline,yes,frontal,medium,diffuse,yes
student_files/passport_photos/carpet_04.jpg,nancy,carpet,wear;fraying,,fibrous;bumpy,knitted;matted;fibrous;frilly,woven;interlaced;wrinkled;bumpy,yes,frontal,close,diffuse,yes
student_files/passport_photos/carpet_05.jpg,nancy,carpet,none,,fibrous;bumpy,frilly;fibrous;matted;bumpy,bubbly;swirly;matted;wrinkled,yes,frontal,close,diffuse,yes
student_files/passport_photos/carpet_06.jpg,nancy,carpet,none,,bumpy;porous,porous;pitted;bumpy;sprinkled,flecked;freckled;crystalline,yes,frontal,medium,shadow,yes
student_files/passport_photos/carpet_07.jpg,nancy,carpet,stain,,fibrous;stained,stained;smeared;blotchy;matted,smeared;gauzy;lined;stained,yes,frontal,medium,diffuse,yes
student_files/passport_photos/carpet_08.jpg,nancy,carpet,none,,fibrous;bumpy,frilly;fibrous;matted;bumpy;swirly,matted;wrinkled;crosshatched;fibrous,yes,frontal,close,diffuse,yes
student_files/passport_photos/leather_01.jpg,yutong,leather,none,,bumpy;pitted,bumpy;pitted;studded;porous,scaly;bubbly;potholed;bumpy,yes,frontal,close,diffuse,yes
student_files/passport_photos/leather_02.jpg,yutong,leather,none,,bumpy;pitted,bumpy;pitted;scaly;studded,porous;bubbly;potholed,yes,frontal,close,low-light,yes
student_files/passport_photos/leather_03.jpg,yutong,leather,none,,bumpy;pitted,bumpy;pitted;porous;scaly,studded;bubbly;freckled;potholed,yes,frontal,close,diffuse,yes
student_files/passport_photos/leather_04.jpg,yutong,leather,speck,,bumpy;pitted,bumpy;pitted;studded;dotted,scaly;bubbly;porous;potholed,yes,frontal,close,diffuse,yes
student_files/passport_photos/leather_05.jpg,yutong,leather,none,,bumpy;pitted,bumpy;pitted;scaly;studded,bubbly;porous;potholed;swirly,yes,frontal,close,diffuse,yes
student_files/passport_photos/leather_06.jpg,yutong,leather,none,,bumpy;striped,wrinkled;bumpy;lined;veined,grooved;scaly;wrinkled;stratified,yes,frontal,close,low-light,yes
student_files/passport_photos/tile_01.jpg,nancy,tile,none,,porous;pitted,flecked;freckled;grooved;crystalline,sprinkled;porous;lined;dotted,yes,oblique,medium,diffuse,yes
student_files/passport_photos/tile_02.jpg,nancy,tile,none,,grid;blotchy,grid;chequered;blotchy;flecked,grid;lined;blotchy;sprinkled,yes,oblique,far,low-light,yes
student_files/passport_photos/tile_03.jpg,nancy,tile,none,,grid;blotchy,grid;chequered;blotchy;flecked,banded;stratified;freckled;lined,yes,oblique,far,diffuse,yes
student_files/passport_photos/tile_04.jpg,nancy,tile,none,,grid;banded,grid;banded;striped;chequered,stratified;lined;blotchy;flecked,yes,oblique,far,diffuse,yes
student_files/passport_photos/tile_05.jpg,nancy,tile,stain,,stained;pitted,stained;blotchy;flecked;grooved,smeared;freckled;lined;crystalline,yes,frontal,medium,diffuse,yes
student_files/passport_photos/tile_06.jpg,nancy,tile,stain,,stained;blotchy,stained;blotchy;smeared;flecked,smeared;grooved;freckled;sprinkled,yes,frontal,close,diffuse,yes
student_files/passport_photos/tile_07.jpg,nancy,tile,none,,porous;grid,flecked;freckled;lined;grooved,sprinkled;dotted;porous;crystalline,yes,frontal,medium,diffuse,yes
student_files/passport_photos/tile_08.jpg,nancy,tile,stain,,stained;pitted,stained;blotchy;flecked;grooved,smeared;freckled;lined;potholed,yes,frontal,close,diffuse,yes
student_files/passport_photos/wood_01.jpg,yutong,wood,none,,striped;fibrous,lined;striped;grooved;stratified,veined;fibrous;smeared;banded,yes,frontal,close,specular;shadow,yes
student_files/passport_photos/wood_02.jpg,yutong,wood,none,,striped,lined;striped;fibrous;grooved,stratified;veined;banded,yes,frontal,close,diffuse,yes
student_files/passport_photos/wood_03.jpg,yutong,wood,abrasion,,striped;blotchy,lined;striped;smeared;stratified,veined;blotchy;fibrous;banded,yes,frontal,close,diffuse,yes
student_files/passport_photos/wood_04.jpg,yutong,wood,none,,striped;fibrous,lined;striped;grooved;stratified,veined;fibrous;banded;smeared,yes,frontal,close,specular,yes
student_files/passport_photos/wood_05.jpg,yutong,wood,none,,striped;banded,lined;striped;banded;stratified,veined;fibrous;blotchy,yes,frontal,close,diffuse,yes
student_files/passport_photos/wood_06.jpg,yutong,wood,none,,striped;banded,lined;striped;banded;stratified,veined;grooved;fibrous;smeared,yes,frontal,close,specular;shadow,yes
student_files/passport_photos/wood_07.jpg,yutong,wood,none,,striped;fibrous,lined;striped;stratified;grooved,fibrous;veined;banded,yes,frontal,close,low-light,yes
student_files/passport_photos/wood_08.jpg,yutong,wood,none,,striped,lined;striped;stratified;grooved,veined;fibrous;banded;smeared,yes,frontal,close,low-light,yes
student_files/passport_photos/wood_09.jpg,yutong,wood,none,,striped;fibrous,lined;striped;veined;fibrous,stratified;banded;grooved;blotchy,yes,frontal,close,diffuse,yes
